Firma,Name,Fullname,Inhaltsstoffe,Hautzustand,Anwendung,Kat.,Da?,Menge,Preis,Link
Acnemy,ZITCLEAN,ZITCLEAN Reinigungsgel,Aqua; Propanediol; Glycerin; Peg-6 Caprylic/Capric Glycerides; Sphingomonas Ferment Extract; 0.02% Salicylic Acid; 0.03 % Morinda Citrifolia Callus Culture Lysate; 0.15% Vitis Vinifera Fruit Extract; 0.05% Zingiber Officinale Root Extract; 0.05% Boswellia Serrata Resin Extract; 0.9% Potassium Azeloyl Diglycinate; Ceramide Np; Xanthan Gum; Carbomer; Sodium Cocoyl Glutamate; Hydrogenated Phosphatidylcholine; Phosphatidylcholine; Mannitol; Cholesterol; Decyl Glucoside; Potassium Cocoyl Rice Amino Acids,unreine Haut,täglich; abends,Cleanser,Ja,150 ml,9.95,https://nichebeautylab.com/de/products/zitclean
Acnemy,SPF 50,Zitcontrol SPF 50,Aqua; Ethylhexyl Methoxycinnamate; Diethylamino Hydroxybenzoyl Hexyl Benzoate; Ethylhexyl Salicylate; Silica; C12-15 Alkyl Benzoate; Glycerin; Caprylic/Capric Triglyceride; Propanediol; Undecane; Ethylhexyl Triazone; Niacinamide; Methylene BIS-Benzotriazolyl Tetramethylbutylphenol; Tridecane; Salicylic Acid; Zinc PCA; Morinda Citrifolia Callus Culture Lysate; Daucus Carota Sativa Root Cell Culture Lysate; Ceramide NP; Macadamia Ternifolia Seed Oil; Tocopherol; Cholesterol; Stearamine; Mannitol; Hydrogenated Phosphatidylcholine; Phosphatidylcholine; Dimyristoyl Phosphatidylcholine; Trihydroxystearin; Xanthan Gum; Acrylates/Beheneth-25 Methacrylate Copolymer; Propylene Glycol; Decyl Glucoside; BHT; Sodium Chloride; Citric Acid; Sodium Hydroxide; Sorbitan Oleate; Sodium Benzoate; Potassium Sorbate; CI 77491 (Iron Oxides); CI 77891,Sonnenschutz,morgens,Sonnenschutz,Nein,40 ml,18.95,https://nichebeautylab.com/de-de/products/zitcontrol-spf50
Avene,Stick SPF 50+,SunsiStick KA SPF 50+,Octyldodecanol; Polyethylene; Butylene Glycol Cocoate; Hydrogenated Microcystalline Wax; Bis-Ethylhexyhloxyphenol Methoxyphenyl Triazine; Diethylamino Hydroxybenzoyl Hexyl Benzonate; Diethylhexyl Butamido Triazone; Butyl Methoxydibenzoylmethane; Ethylhexyl Salicylate; Beeswax (Cera Alba); Hydrogenated Castor Oil; Water (Aqua); 1;2-Hexanediol; Aluminum Hydroxide; Butylene Glycol; Caprylic/Capric Triglyceride; Caprylyl Glycol; Cichorium Intybus (Chicory) Root Extract (Cichorium Intybus Root Extract); Disodium Stearoyl Glutamate; Methyl Methacrylate Crosspolymer; Oxothiazolidine; Saccharin; Sodium Benzoate; Titanium Dioxide (Ci 77891); Tocopheryl Glucoside,Sonnenschutz,morgens,Sonnenschutz,Nein,20 g,19.9,https://www.docmorris.de/avne-sunsistick-ka-spf-50/15743735?pp=GOOGLESHOP&from=2W829&gclid=Cj0KCQiAj4ecBhD3ARIsAM4Q_jESa3lgS47Mia6Hz3Oj_kwSu7PwKK0WglpDapxfUlHVDPwdP1I2-mUaArdGEALw_wcB
Avene,Fluid SPF 50+,Sonnenfluid SPF 50+,Avene Thermal Spring Water; C12-15 Alkyl Benzoate; Diethylamino Hydroxybenzoyl Hexyl Benzoate; Ethylhexyl Triazone; Oryza Sativa (Rice) Starch; Phenylene Bis-Diphenyltriazine; Aqua; Glycerin; Bis-Ethylhexyloxyphenol Methoxyphenyl Triazine; Potassium Cetyl Phosphate; Glyceryl Stearate; Stearyl Alcohol; Tapioca Starch; Vp/Eicosene Copolymer; Benzoic Acid; Caprylic/Capric Triglyceride; Caprylyl Glycol; Glyceryl Behenate; Glyceryl Dibehenate; Ppg-1-Peg-9 Lauryl Glycol Ether; Red 33 (Ci 17200); Tocopheryl Glucoside; Tribehenin; Xanthan Gum,Sonnenschutz,morgens,Sonnenschutz,Nein,50 ml,23.9,https://www.douglas.de/de/p/m001048179?trac=de.01pms.goo.8788552640.18480668155.144815775791.000000&gbraid=0AAAAADy1nXnTLZGC04TrmmKiNA7ySnBgJ&gclid=Cj0KCQiAj4ecBhD3ARIsAM4Q_jHuR2tdtcB29SoCMFseRTsjvsggyPPEi6oDY0M1M86XXgXfLmAhJrcaAv6_EALw_wcB
Babydream MED,Gesichtscreme,Gesichtscreme,Aqua; Helianthus Annuus Seed Oil; Glycerin; Coco-Capylate/Caprate; Sorbitol; Stearyl Alcohol; Caprylic/Capric Triglyceride; Glyceryl Stearate; Citrate; Glyceryl Stearate; Betadine; Butyrospermum Parkii Butter; Squalane; Octyldodecanol; Oenothera Biennis Oil; Echium Planatgineum Seed Oil; Helianthus Annuus Seed Oil Unsaponifiables; Cardiospermum Halicacabum Flower/Leaf/Vine Extract; Caprylyl Glycol; Xanthan Gum; Citric Acid; Sodium Hydroxide; 1.2-Hexanediol; Hydroxyacetophenone; Tocopheryl Acetate; Tocopherol,Spannungsverlust; trockene Haut,täglich; morgens; Winter; reichhaltig,Creme,Ja,100 ml,3.99,https://www.rossmann.de/de/baby-und-spielzeug-babydream-med-gesichtscreme/p/4305615908984
Balea,Reinigungsöl,Reinigungsöl,Helianthus Annuus Hybrid Oil; Isopropyl Palmitate; Isopropyl Myristate; PEG-20 Glyceryl Triisostearate; Ethylhexyl Stearate; Tocopherol; Argania Spinosa Kernel Oil,trockene Haut,täglich; abends,Cleanser,Ja,100 ml,2.55,https://www.dm.de/balea-reinigungsoel-p4058172830549.html
Balea,Tagescreme,Beauty Expert Tagescreme,Aqua; Coco-Caprylate/Caprate; Glycerin; Caprylic/Capric Triglyceride; Octyldodecanol; Cetearyl Alcohol; 2% Panthenol; Behenyl Alcohol; Glyceryl Stearate Citrate; 1% Ectoin; 1% Squalane; Sclerotium Gum; Sorbitan Laurate; Acetyl Dipeptide-1 Cetyl Ester; Acetyl Hexapeptide-8 ; Palmitoyl Tripeptide-38; Hydroxyethylcellulose; Sodium Stearoyl Glutamate; Hydroxypropyl Cyclodextrin; Butylene Glycol; Citric Acid; Caprylyl Glycol; Ethylhexylglycerin; Phenoxyethanol,Mischhaut; trockene Haut; Hautbild,täglich; morgens,Creme,Ja,50 ml,5.95,https://www.dm.de/balea-beauty-expert-tagescreme-mit-3-prozent-peptid-solution-und-1-prozent-ectoin-p4066447190496.html
Balea,Aquaserum,Aqua Feuchtigkeitsserum,Aqua; Glycerin; Pentylene Glycol; Xylitylglucoside; Panthenol; Camellia Oleifera Seed Oil; Sodium Hyaluronate; Anhydroxylitol; Xylitol; Sodium Dilauramidoglutamide Lysine; Tocopheryl Acetate; Tocopherol; Acacia Senegal Gum; Sclerotium Gum; Xanthan Gum; Pantolactone; Citric Acid; Sodium Hydroxide; Ethylhexylglycerin; Phenoxyethanol; Parfum,Allrounder,täglich; morgens,Serum,Ja,30 ml,2.95,https://www.dm.de/balea-serum-Aqua-feuchtigkeit-p4058172681059.html?wt_mc=lia.google.PflegeParfum.Gesicht.SerumKur.Balea.4058172681059&storeId=DE-0100&hc_tid=10156470C4751PPC&gclid=EAIaIQobChMImMuunL_M-wIViAZ7Ch2awQKtEAQYASABEgKzX_D_BwE
Balea MED,Gesichtswasser,Gesichtswasser Ultra Sensitive,Aqua; Glycerin; Pentylene Glycol; Hydrogenated Starch Hydrolysate; Panthenol; Cucumis Sativus Fruit Extract; Sodium Carboxymethyl Betaglucan; Citric Acid,Allrounder; empfindliche Haut,täglich; morgens,Cleanser,Ja,200 ml,2.95,https://www.dm.de/balea-med-gesichtswasser-ultra-sensitive-p4058172879951.html?wt_mc=pla.google.PflegeParfum.Gesicht.Gesichtsreinigung.BaleaMED.4058172879951&hc_tid=10219970C4751PPC&gclid=EAIaIQobChMIkIzQlr_M-wIV5QWiAx33gAAvEAQYASABEgLqHfD_BwE
Catrice,Tagescreme,Tagescreme Hydro Protect Melting Moisturizer,Aqua; Isostearyl Isostearate; Dimethicone; Glycerin; Cetearyl Alcohol; Butylene Glycol; Coconut Alkanes; Methyl Glucose Sesquistearate; Dimethicone/Vinyl Dimethicone Crosspolymer; Sodium Hyaluronate; Erythritol; Ceramide Np; Hibiscus Sabdariffa Fruit Extract; Carbomer; Acrylates/C10-30 Alkyl Acrylate Crosspolymer; Coco-Caprylate/Caprate; Ethylhexylglycerin; Sodium Phytate; Alcohol; Sodium Hydroxide; Phenoxyethanol,Allrounder; trockene Haut,täglich; leicht,Creme,Nein,50 ml,5.95,https://www.dm.de/catrice-tagescreme-hydro-protect-melting-moist-p4059729377104.html
Catrice,Sleep Oil ,Youth Repairing Sleep Oil ,Isopropyl Myristate; Squalane; Glycine Soja Oil; Caprylic/Capric Triglyceride; Retinol; Tocopheryl Acetate; Algae Extract.,Hautbild; trockene Haut,täglich; abends,Serum,Nein,30 ml,7.45,https://www.dm.de/catrice-gesichtsoel-youth-repairing-sleep-p4059729330833.html
CeraVe,Creme,Feuchtigkeitscreme,Aqua; Glycerin; Cetearyl Alcohol; Caprylic/Capric Triglyceride; Cetyl Alcohol; Ceteareth-20; Petrolatum; Dimethicone; Phenoxyethanol; Behentrimonium Methosulfate; Potassium Phosphate; Ethylhexylglycerin; Sodium Lauroyl Lactylate; Disodium Edta; Dipotassium Phosphate; Ceramide Np; Ceramide Ap; Phytosphingosine; Cholesterol; Xanthan Gum; Carbomer; Sodium Hyaluronate; Tocopherol; Ceramide Eop,trockene Haut,täglich; morgens,Creme,Ja,454 g,15.9,https://www.docmorris.de/cerave-feuchtigkeitscreme/14017642
Cetaphil,Creme,Feuchtigkeitscreme,Aqua; Glycerin; Petrolatum; Dicaprylyl Ether; Dimethicone; Glyceryl Stearate; Cetyl Alcohol; Helianthus Annuus Seed Oil; PEG-30 Stearate; Panthenol; Niacinamide; Prunus Amygdalus Dulcis Oil; Tocopherol; Tocopheryl Acetate; Pantolactone; Dimethiconol; Acrylates/C10-30 Alkyl Acrylate Crosspolymer; Carbomer; Propylene Glycol; BHT; Disodium EDTA; Benzyl Alcohol; Phenoxyethanol; Sodium Hydroxide; Citric Acid. FIL 1765.V00,Allrounder,reichhaltig; morgens,Creme,Nein,85 g,9.95,https://www.docmorris.de/cetaphil-feuchtigkeitscreme/02200559?from=2W829&gclid=EAIaIQobChMIjYuut77O-wIVBmIYCh2IUQwKEAQYBCABEgKMZPD_BwE&et_uk=b07592e9bd3844ecb3a4b5886c69abc8
Clinique,Take The Day Off,Take The Day Off Cleansing Balm,Ethylhexyl Palmitate; Carthamus Tinctorius (Safflower) Seed Oil; Caprylic/Capric Triglyceride; Sorbeth-30 Tetraoleate; Polyethylene; Peg-5 Glyceryl Triisostearate; Water\Aqua\Eau; Tocopherol; Phenoxyethanol,Michschaut; trockene Haut; ölige Haut,täglich; abends,Cleanser,Ja,125 g,36,https://www.clinique.de/product/1673/6424/pflege/reingung-makeup-remover/take-the-day-off-cleansing-balm/reichhaltiger-reinigungsbalsam
colibri skincare,BHA Maske,BHA Maske,Aqua; Glycerin; Cetearyl Alcohol; Glyceryl Stearate Citrate; Octyldodecanol; Glyceryl Stearate; Kaolin; Olus Oil; Polyglyceryl-3 Stearate; 2% Salicylic Acid; Behenyl Alcohol; Caprylic/Capric Triglyceride; Charcoal Powder; Cellulose; Argania Spinosa Kernel Oil; Tocopherol; Maris Sal; Sodium Hyaluronate; Helianthus Annuus Seed Oil; Citric Acid; Sodium Levulinate; Sodium Anisate; Xanthan Gum,Allrounder,Special; 2-3/Woche; abends,Peeling/Maske,Ja,150 ml,22.95,https://colibriskincare.de/products/aktivkohle-gesichtsmaske?currency=EUR&variant=31494638731&utm_medium=cpc&utm_source=google&utm_campaign=Google%20Shopping&trc_gcmp_id=17661069357?utm_campaign=17661069357&gclid=EAIaIQobChMI9uH2yOjM-wIVCKWyCh3N2AJaEAQYASABEgKuS_D_BwE
Eucerin,SPF 50,Oil Control SPF 50,Aqua; Alcohol Denat; Butylene Glycol Dicaprylate-Dicaprate; C12-15 Alkyl Benzoate; Butyl Methoxydibenzoylmethane; Dibutyl Adipate; Bis-Ethylhexyloxyphenol Methoxyphenyl Triazine; Silica; Ethylhexyl Triazone; Phenylbenzimidazole Sulfonic Acid; Diethylamino Hydroxybenzoyl Hexyl Benzoate; Cetearyl Alcohol; Behenyl Alcohol; Silica Dimethyl Silylate; Copernicia Cerifera Cera; Glycyrrhetinic Acid; Glycyrrhiza Inflata Root Extract; Carnitine; Glycerin; Dimethicone; Xanthan Gum; Carrageenan; Sodium Chloride; Sodium Stearoyl Glutamate; Hydroxypropyl Methylcellulose; Sodium Hydroxide; Trisodium EDTA; Phenoxyethanol; Decylene Glycol; Ethylhexylglycerin; Hydroxyacetophenone,Sonnenschutz,Sonnenschutz,Sonnenschutz,Nein,50 ml,15,https://www.docmorris.de/eucerin-oil-control-face-sun-gelcreme-lsf-50/10832664?utm_source=Beiersdorf%20AG%20Eucerin&utm_medium=com_connector&utm_content=10832664&et_uk=c7a97fdedf8b47d4bd66d93a46ad12a7
Eucerin,Aquaphor,Aquaphor Protect & Repair Salbe,Paraffinum Liquidum; Cera Microcristallina; Ceresin; Lanolin Alcohol; Panthenol; Glycerin; Bisabolol,trockene Haut; ,Special,Creme,Ja,45 ml,7.49,https://www.docmorris.de/eucerin-aquaphor-protect-repair-salbe/10779409?from=2W829&gclid=Cj0KCQiAj4ecBhD3ARIsAM4Q_jEC9ba1E1xsZtDwWv7yLXEdqlN4S9pPkguUVSZEXi5NMr6PRfQqMr8aAhgEEALw_wcB
Glysolid,Pflegecreme,Pflegecreme Hautbalsam,Glycerin; Aqua; Cetearyl Alcohol; Decyl Oleate; Ceteareth-12; Allantoin; Dimethicone; Sodium Cetearyl Sulfate; Ceteareth-20; Silica,trockene Haut; gereizte Haut,Special; morgens,Creme,Ja,100 ml,1.55,https://www.dm.de/glysolid-pflegecreme-hautbalsam-p4000196001146.html?wt_mc=pla.google.PflegeParfum.Koerperpflege.Koerperpflege.Glysolid.4000196001146&hc_tid=10219970C4751PPC&gclid=EAIaIQobChMI5MKY2L3O-wIVR_F3Ch3EgA2XEAQYASABEgKKX_D_BwE
Isana,Intensiv Serum,Age Performance Intensiv Serum,Aqua; Glycerin; Panthenol; Hydroxyethylcellulose; Pentylene Glycol; Camellia Sinensis Leaf Extract; Lepidium Sativum Sprout Extract; Aspalathus Linearis Leaf Extract; Sorbitol; Lecithin; Allantoin; Maltodextrin; Sodium Hyaluronate; Lactic Acid; Urea; Sodium Lactate; Serine; Sodium Chloride; Citric Acid; Sodium Hydroxide; Sodium Benzoate; Phenoxyethanol,anspruchsvolle Haut; Spannungsverlust,täglich; morgens,Serum,Ja,30 ml,3.99,https://www.rossmann.de/de/pflege-und-duft-isana-age-performance-intensiv-serum/p/4305615481678
Isana,Balance Serum,Anti Stress; Balance Serum,Aqua; Panthenol; Squalane; Glycerin; Hydroxypropyl Starch Phosphate; C14-22 Alcohols; Ectoin; C12-20 Alkyl Glucoside; Sodium Stearoyl Glutamate; Glucose; Sclerotium Gum; Citric Acid; Ethylhexylglycerin; Phenoxyethanol,Allrounder,täglich; abends,Serum,Nein,30 ml,3.99,https://www.rossmann.de/de/pflege-und-duft-isana-isana-balance-serum/p/4305615892566
La Roche-Posay,CICAPLAST ,CICAPLAST Baume B5+,Aqua; Hydrogenated Polyisobutene; Dimethicone; Glycerin; Butyrospermum Parkii Butter; 5% Panthenol; Zea Mays Starch; Propanediol; Butylene Glycol; Cetyl Peg/Ppg-10/1 Dimethicone; Trihydroxystearin; Centella Asiatica Leaf Extract; Polymnia Sonchifolia Root Juice; Zinc Gluconate; Madecassoside; Manganese Gluconate; Alpha-Glucan Oligosaccharide; Silica; Aluminum Hydroxide; Magnesium Sulfate; Mannose; Capryloyl Glycine; Caprylyl Glycol; Vitreoscilla Ferment; Citric Acid; Trisodium Ethylenediamine Disuccinate; Lactobacillus; Acetylated Glycol Stearate; Maltodextrin; Polyglyceryl-4 Isostearate; Tocopherol; Pentaerythrityl Tetra-Di-T-Butyl Hydroxyhydrocinnamate; Ci 77891,gereizte Haut; trockene Haut; empfindliche Haut,Special; Winter,Creme,Nein,100 ml,19.5,https://www.larocheposay.de/cicaplast/cicaplast-baume-b5-plus
Lavazon,Fluid LSF 50,Face Fluid LSF 50,Aqua; C12-15 Alkyl Benzoate; Diethylamino Hydroxybenzoyl Hexyl Benzoate; Dibutyl Adipate; Glycerin; Ethylhexyl Salicylate; Titanium Dioxide (nano); VP/Hexadecene Copolymer; Acrylates Copolymer; Bis-Ethylhexyloxyphenol Methoxyphenyl Triazine; Ethylhexyl Triazone; Silica; Phenylbenzimidazole Sulfonic Acid; Caprylyl Glycol; Diethylhexyl Butamido Triazone; Tocopheryl Acetate; Hydrogen Dimethicone; Sodium Hydroxide; Parfum; Tetrasodium EDTA; Caprylhydroxamic Acid,Sonnenschutz,morgens,Sonnenschutz,Ja,50 ml,2.42,https://www.mueller.de/p/lavozon-face-fluid-lsf-50-2430488/
Mixa,Body Balsam,Panthenol Comfort Body Balsam,Aqua; 7% Glycerin; Petrolatum; Paraffinum Liquidum; Niacinamide; Glyceryl Stearate; Cetyl Alcohol; Peg-40 Stearate; Butyrospermum Parkii Butter; Cetyl Palmitate; Dimethicone; Ascorbyl Palmitate; Chlorhexidine Digluconate; Citric Acid; Coriandrum Sativum Seed Oil; Echium Plantagineum Seed Oil; Glycine Soja Oil; Panthenol; Prunus Armeniaca Kernel Oil; Ribes Nigrum Seed Oil; Sorbitan Tristearate; Tocopherol,Mischhaut; ölige Haut,Special,Creme,Nein,250 ml,3.99,https://www.rossmann.de/de/pflege-und-duft-mixa-panthenol-comfort-body-balsam/p/3600551033082
Neutrogena,Reinigungsgel,Hydro Boost Aqua Reinigungsgel,Aqua; Glycerin; Cocamidopropyl Hydroxysultaine; Sodium Cocoyl Isethionate; Sodium Methyl Cocoyl Taurate; Sodium Hydrolyzed Potato Starch Dodecenylsuccinate; Hydrolyzed Hyaluronic Acid; Ethylhexylglycerin; Linoleamidopropyl PG-dimonium Chloride Phosphate; Polyquaternium-10; Polysorbate 20; Sodium Isethionate; Sodium Lauryl Sulfate; Sodium C14-16 Olefin Sulfonate; Potassium Acrylates Copolymer; Sodium Chloride; Propylene Glycol; Disodium EDTA; Citric Acid; Sodium Hydroxide; Hydroxyacetophenone; Tocopheryl Acetate; Phenoxyethanol; Parfum,Allrounder,täglich; abends,Cleanser,Ja,200 ml,4.99,https://www.rossmann.de/de/pflege-und-duft-neutrogena-hydro-boost-Aqua-reinigungsgel/p/3574661320700
Nivea,Nachtcreme,Beruhigende Nachtcreme,Aqua; Glycerin; Butyrospermum Parkii Butter; Cetearyl Alcohol; Caprylic/Capric Triglyceride; Methylpropanediol; Glyceryl Stearate Citrate; Hydrogenated Coco-Glycerides; Cetearyl Isononanoate; Cocoglycerides; Hydroxypropyl Starch Phosphate; Glycyrrhiza Inflata Root Extract; Vitis Vinifera Seed Oil; Panthenol; Pantolactone; Ethylhexylglycerin; Xanthan Gum; Citric Acid; Phenoxyethanol,empfindliche Haut,täglich,Creme,Ja,50 ml,4.65,https://www.dm.de/nivea-nachtcreme-sensitive-beruhigende-nachtpflege-p4005900935502.html
Nivea Sun,LSF 50,UV Gesicht Sensitiv Sonnencreme LSF 50,Aqua; Homosalate; Alcohol Denat.; Butyl Methoxydibenzoylmethane; Ethylhexyl Salicylate; Butylene Glycol Dicaprylate/Dicaprate; Bis-Ethylhexyloxyphenol Methoxyphenyl Triazine; Ethylhexyl Triazone; Isopropyl Palmitate; Phenylbenzimidazole Sulfonic Acid; Silica; Tapioca Starch; Diethylamino Hydroxybenzoyl Hexyl Benzoate; Behenyl Alcohol; Cetearyl Alcohol; Methylpropanediol; Glycerin; Glycyrrhiza Inflata Root Extract; Tocopheryl Acetate; Sodium Stearoyl Glutamate; Xanthan Gum; Carbomer; Acrylates/C10-30 Alkyl Acrylate Crosspolymer; Sodium Chloride; Sodium Hydroxide; Dimethicone; Trisodium EDTA; Caprylyl Glycol; Ethylhexylglycerin,Sonnenschutz; empfindliche Haut,morgens,Sonnenschutz,Ja,50 ml,11.99,https://www.nivea.de/produkte/uv-gesicht-sensitiv-sonnenschutz-empfindliche-haut-40059005991000001.html?gclid=EAIaIQobChMIn4Lj7rvO-wIV9oKDBx19fAM0EAQYAiABEgLCXfD_BwE
Nø Cosmetics,Peeling Cleanser,AHA/PHA Peeling Cleanser,Aqua; Sodium Carboxymethyl Starch;  Butylene Glycol; Decyl Glucoside; Maltooligosyl Glucoside; Lauryl Glucoside; Gluconolactone; Sodium Lactate; Cocamidopropyl Betaine; Hydrogenated Starch Hydrolysate; Pseudozyma Epicola/Argania Spinosa Kernel Oil/Olive Fruit Oil/Sunflower Seed Oil/ (Angelica Gigas/Licorice/Lithospermum Erythrorhizon) Root Ferment Extract Filtrate; Rosa Centifolia (Cabbage Rose) Flower Extract; Panthenol; Aloe Barbadensis Leaf Juice Powder; Inulin; Polyglyceryl-2 Dipolyhydroxystearate; Glycerin; Lecithin; Xanthan Gum; Sodium Chloride; Coconut Fatty Acid; Sodium Citrate; Propylene Glycol; Sorbic Acid; Sodium Benzoate; Potassium Sorbate; Phenoxyethanol; Lactic Acid,ölige Haut; anspruchsvolle Haut; unreine Haut,abends; abwaschen & Feuchtigkeit,Cleanser,Nein,125 ml,7.95,https://www.no-cosmetics.de/produkt/aha-pha-peeling-cleanser-sanfte-reinigung-und-hauterneuerung-pure-today/
Nø Cosmetics,ALL-IN Barrier,ALL-IN Barrier Cream,Aqua; Butyrospermum Parkii Butter; Panthenol; Cetearyl Alcohol; Simmondsia Chinensis Seed Oil; Dicaprylyl Ether; Glycerin; Glyceryl Stearate; Prunus Armeniaca Kernel Oil; C13-15 Alkane; Propanediol; Pentylene Glycol; Cetearyl Olivate; Argania Spinosa Kernel Oil; DiGlycerin; Ectoin; Ceramide EOP; Ceramide NS; Ceramide NP; Ceramide AS; Ceramide AP; Cholesterol; Hydrogenated Lecithin; Sucrose Distearate; Heterotheca Inuloides Flower Extract; Dipropylene Glycol; Sorbitan Olivate; Sea Water; Laminaria Digitata Extract; Chlorella Vulgaris Extract; Saccharide Isomerate; Xanthan Gum;  Hydroxyacetophenone; Phenoxyethanol; Ethylhexylglycerin; Lactic Acid; Citric Acid,trockene Haut; gereizte Haut,täglich; Winter,Creme,Nein,50 ml,16.95,https://www.no-cosmetics.de/produkt/all-in-barrier-cream-celebrate-today/
Nø Cosmetics,Chemical Peeling,Chemical Peeling Serum,Aloe Barbadensis Leaf Juice; Aqua; 4 % Gluconolactone; Panthenol; Butylene Glycol; 2 % Lactic Acid; Xanthan Gum; Sodium Benzoate; Sodium Hydroxide,ölige Haut; unreine Haut; trockene Haut,2-3/Woche; abends; Sonnenschutz,Peeling/Maske,Nein,20 ml,12.95,https://www.no-cosmetics.de/produkt/chemisches-peeling-serum-aha-pha-sanfte-hauterneuerung-clear-today/
Nø Cosmetics,Hydration Serum,Maximum Hydration Serum,Aqua; Niacinamide; Glycerin; Microcrystalline Cellulose; DiGlycerin; Amylopectin; Lithothamnion Calcareum Extract; Butylene Glycol; Vitis Vinifera Fruit Extract; Acacia Senegal Gum; Xanthan Gum; Phenoxyethanol; Ethylhexylglycerin; Potassium Sorbate; Sodium Benzoate; Pentylene Glycol; Lactic Acid; Citric Acid,ölige Haut; unreine Haut; trockene Haut,täglich; morgens; abends,Serum,Nein,20 ml,14.95,https://www.no-cosmetics.de/produkt/120h-hypersleep-feuchtigkeitsserum-staerkt-die-hautbarriere-rain-tonight/
Nø Cosmetics,Retinol Serum,Retinol Serum,Squalane; Undecane; Tridecane; Simmondsia Chinensis Seed Oil; Dimethyl Isosorbide; 2% Hydroxypinacolone Retinoate; 0.05% Retinol; Daucus Carota Sativa Root Extract; Beta-Carotene; Glycine Soja Oil; Tocopherol; Helianthus Annuus Seed Oil,anspruchsvolle Haut; Spannungsverlust,2-3/Woche; abends,Serum,Ja,20 ml,16.95,https://www.no-cosmetics.de/produkt/retinol-serum-mindert-falten-und-strafft-die-haut-renew-today/
Nø Cosmetics,Pink Power,Pink Power Cream,Aqua; Simmondsia Chinensis Seed Oil; Cetearyl Alcohol; Butyrospermum Parkii Butter; Dicaprylyl Ether; Glycerin; Panthenol; Glyceryl Stearate; Prunus Armeniaca Kernel Oil; Distarch Phosphate; Tapioca Starch; C13-15 Alkane; Brassica Campestris Seed Oil; Pentylene Glycol; Cetearyl Olivate; Argania Spinosa Kernel Oil; DiGlycerin; Sorbitan Olivate; Polygonum Tinctorium Leaf Extract; Lactobacillus Ferment; Squalane; Solanum Lycopersicum Fruit Extract; Ceramide NP; Xanthan Gum; Rosmarinus Officinalis Leaf Extract; Maltodextrin; Hydroxyacetophenone; Lactic Acid,Mischhaut; trockene Haut,reichhaltig; leicht; abends,Creme,Nein,50 g,15.95,https://www.no-cosmetics.de/produkt/hypersense-pink-power-cream-mindert-roetungen-strong-today/
Nø Cosmetics,Slow Aging,Slow Aging Serum,Aqua; Panthenol; Glycerin; Caffeine; Microcrystalline Cellulose; Propanediol; DiGlycerin; Acmella Oleracea Extract; Hydroxypropyl Cyclodextrin; Palmitoyl Tripeptide-38; Dipeptide Diaminobutyroyl Benzylamide Diacetate; Saccharide Isomerate; Acacia Senegal Gum; Xanthan Gum; Phenoxyethanol; Ethylhexylglycerin; Sodium Benzoate; Citric Acid,anspruchsvolle Haut; trockene Haut; Mischhaut; Hauttextus,morgens,Serum,Nein,20 ml,16.95,https://www.no-cosmetics.de/produkt/slow-aging-serum-gegen-hautalterung-und-mimikfaeltchen-proud-today/
ONSKIN by Biotaniqe,Perfecting Serum,Perfecting Serum,Aqua Purificata; Niacinamide; Glycerin; Propanediol; Polyglyceryl-4 Caprate; Zinc PCA; Lactobacillus Ferment Lysate; Leuconostoc/Radish Root Ferment Filtrate; Ethylhexylglycerin; Xanthan Gum; Hydroxyethylcellulose; Phenoxyethanol; Citric Acid; Parfum; Geraniol; Limonene,trockene Haut; Hautbild,täglich; morgens; abends,Serum,Nein,20 ml,6.99,https://www.mueller.de/p/onskin-by-biotaniqe-serum-perfecting-2852467/?itemId=2852467&_pmclid=b_16397663_wp_4754915_k_5422344&gclid=Cj0KCQiAj4ecBhD3ARIsAM4Q_jF9agWVFqjsS86ZCH0w3pE8GDjRHnYT6dZ8SaE0nqqZrSu6S-v_k-oaAlSmEALw_wcB
Sunozon Med,Fluid LSF 50,Sonnenfluid LSF 50,Aqua; Glycerin; C12-15 Alkyl Benzoate; Diethylamino Hydroxybenzoyl Hexyl Benzoate; Diisopropyl Adipate; Ethylhexyl Triazone; Propanediol Dicaprylate/Caprate; Bis-Ethylhexyloxyphenol Methoxyphenyl Triazine; Potassium Cetyl Phosphate; Myristyl Alcohol; Phenoxyethanol; Xanthan Gum; Phenylbenzimidazole Sulfonic Acid; Tocopheryl Acetate; Potassium Hydroxide; Sclerotium Gum; Acacia Senegal Gum; Caprylhydroxamic Acid,Sonnenschutz,morgens,Sonnenschutz,Nein,50 ml,5.49,https://www.rossmann.de/de/pflege-und-duft-sunozon-med-sonnenfluid-lsf-50/p/4305615830988
The Ordinary,Cleanser,Squalane Cleanser,Squalane; Aqua; Coco-Caprylate/Caprate; Glycerin; Sucrose Stearate; Ethyl Macadamiate; Caprylic/Capric Triglyceride; Sucrose Laurate; Hydrogenated Starch Hydrolysate; Sucrose Dilaurate; Sucrose Trilaurate; Polyacrylate Crosspolymer-6; Isoceteth-20; Sodium Polyacrylate; Tocopherol; Hydroxymethoxyphenyl Decanone; Trisodium Ethylenediamine Disuccinate; Malic Acid; Ethylhexylglycerin; Chlorphenesin,Allrounder,täglich; abends,Cleanser,Nein,50 ml,7.2,https://www.douglas.de/de/p/3001056444
The Ordinary,AHA/BHA,Direct AcidsAHA 30% + BHA 2% Peeling Solution,Glycolic Acid; Aqua; Aloe Barbadensis Leaf Water; Sodium Hydroxide; Daucus Carota Sativa Extract; Propanediol; Cocamidopropyl Dimethylamine; Salicylic Acid; Potassium Citrate; Lactic Acid; Tartaric Acid; Citric Acid; Panthenol; Sodium Hyaluronate Crosspolymer; Tasmannia Lanceolata Fruit/Leaf Extract; Glycerin; Pentylene Glycol; Xanthan Gum; Polysorbate 20; Trisodium Ethylenediamine Disuccinate; Potassium Sorbate; Sodium Benzoate; Ethylhexylglycerin; 1.2-Hexanediol; Caprylyl Glycol,Allrounder; Hautbild,1-2/Woche; Special,Peeling/Maske,Ja,30 ml,8.3,https://www.douglas.de/de/p/3001043635?trac=de.05x.lad.listing...000001&vmst_id=218-500151-1669555579269-2770039064-2itjepsf76qp6o04kuaz-GWC15EOX9BA6SVY8BZ3K-124&vmtrack_id=de-KTGO0UIXPK
Theramid,C-TETRA E.F.,C-TETRA E.F.,Aqua; 20 % Ascorbyl Tetraisopalmitate; Propanediol; Ascorbyl Glucoside; Glycerin; Tricaprylin; Methylpropanediol; Glycine Soja Seed Extract; 1% Tocopheryl Acetate; Ascorbyl Methylsilanol Pectinate; 0.5% Ferulic Acid; Lecithin; Sclerotium Gum; Pullulan; Xanthan Gum; Silica; Sodium Hydroxide; Sodium Citrate; Citric Acid; Sodium Benzoate; Potassium Sorbate,Hautbild,täglich; morgens; abends,Serum,Ja,30 ml,32.95,https://nichebeautylab.com/de-de/products/c-tetra-e-f
Theramid,AZID,AZID,Aqua; 15% Azelaic Acid; Glycerin; Propanediol; Glycereth-26; 1% Avena Sativa Kernel Flour; 1% Carnosine; Acetyl Tetrapeptide-2; Ceramide NP; Ceramide EOP; Ceramide NS; Ceramide AS; Ceramide AP; Gallyl Glucoside; Propyl Gallate; Epigallocatechin Gallatyl Glucoside; Daucus Carota Sativa Root Cell Culture Lysate; Gossypium Herbaceum Callus Culture; Sphingomonas Ferment Extract; Ethylhexylglycerin; Hydrogenated Lecithin; Sucrose Distearate; Glyceryl Stearate; Dipropylene Glycol; Dehydroacetic Acid; Caprylyl Glycol; Phenoxyethanol; Triethanolamine; Benzyl Alcohol; Citric Acid,unreine Haut; Rötungen; Hautbild; Pigmentierung,täglich; abends,Serum,Ja,30 ml,34.95,https://nichebeautylab.com/de/collections/theramid/products/azid
Theramid,Ceramide,Ceramide Treatment,Aqua; Propaneidol; Dicaprylyl Carbonate; Glycerin; Undecane; Ceramide NG; Tridecane; Glycine Soja Seed Extract; 1% Ectoin; Ceramide NP; Ceramide EOP; Ceramide NS; Ceramide AS; Ceramide AP; Madecassic Acid; Asiaticoside; Asiatic Acid; Gossypium Herbaceum Callus Culture; Tocopherol; Ethylhexylglycerin; Lecithin;Hydrogenated Lecithin; Xanthan Gum; Sclerotium Gum; Dimethicone/Vinyl; Dimethicone Crosspolymer; Sucrose Distearate; Glyceryl Stearate; Pullulan Dimethicone; Cholesterol; Silica; Alcohol; Dipropylene Glycol; Phenoxyethanol; Citric Acid,Allrounder,täglich; morgens; Winter,Serum,Nein,30 ml,34.95,https://nichebeautylab.com/products/ceramide-treatment?variant=40265050587276&utm_term=&utm_campaign=&utm_source=adwords&utm_medium=ppc&hsa_acc=9825405093&hsa_cam=18882061878&hsa_grp=&hsa_ad=&hsa_src=x&hsa_tgt=&hsa_kw=&hsa_mt=&hsa_net=adwords&hsa_ver=3&cmp_id=18882061878&adg_id=&kwd=&device=c&gclid=EAIaIQobChMIx6_qo-TM-wIV0uh3Ch1VGwn7EAQYASABEgK3kfD_BwE
Theramid,Vitamin A,Clinical Vitamin A,Aqua; Glycerin; Coco-Caprylate/Caprate; Caprylic/Capric Triglyceride; Propanediol; Coco-Caprylate; Dimethyl Isosorbide; Polyglyceryl-6 Distearate; Cellulose Acetate Butyrate; Cetyl Alcohol; 5% Hydroxypinacolone Retinoate; 0;3% Retinol; 0;1% Retinal; Lactococcus Ferment Lysate; Plankton Extract; Ceramide NG; Tocopherol; Ethylhexylglycerin; Jojoba Esters; Lecithin; Pullulan; Sclerotium Gum; Xanthan Gum; Tricaprylin; Pentaerythrityl Tetra-Di-T-Butyl Hydroxyhydrocinnamate; Caprylyl Glycol; Silica; Sodium Chloride; Lactic Acid; Citric Acid; Phenoxyethanol; Sodium Benzoate,anspruchsvolle Haut; Hautbild,2-3/Woche; abends; Sonnenschutz,Serum,Nein,30 ml,34.95,https://nichebeautylab.com/de-de/products/clinical-vitamin-a
Transparent Lab,Oil Cleanser,Oil Based Cleanser,Ethylhexyl Palmitate; Caprylic/Capric Triglyceride; Triethylhexanoin; Isostearyl Isostearate; Isopropyl Isostearate; PEG-20 Glyceryl Triisostearate; 3% Squalane; 2% Crambe Abyssinica Seed Oil Phytosterol Esters; 1% Tocopheryl Acetate,empfindliche Haut; ölige Haut; Mischhaut; trockene Haut,täglich; abends,Cleanser,Ja,200 ml,18.95,https://nichebeautylab.com/de/collections/transparent-lab/products/oil-based-cleanser
Transparent Lab,Barrier Cream,Barrier Restoring Hydrating Cream,Aqua; Glycerin; Coco-Caprylate/Caprate; C10-18 Triglycerides; Coco-Caprylate; Propanediol; Oryza Sativa Starch; Glyceryl Stearate; Cetyl Alcohol; 5% Hyaluronic Acid; Sodium Ascorbyl Phosphate; 0.1% Madecassoside; Asiaticoside; Madecassic Acid; Asiatic Acid; 0.1% Ceramide NG; Retinyl Palmitate; Tocopheryl Acetate; Ethylhexylglycerin; Mannitol; Tocopherol; Cholesterol; Phosphatidylcholine; Hydrogenated Phosphatidylcholine; Xanthan Gum; Acrylates/C10-30 Alkyl Acrylate Crosspolymer; Hydroxypropyl Starch Phosphate; PEG-75 Stearate; Ceteth-20; Steareth-20; Alcohol; Decyl Glucoside; Pentylene Glycol; Sodium Chloride; Phenoxyethanol; Sodium Benzoate; Potassium Sorbate,trockene Haut; ölige Haut; Mischhaut; empfindliche Haut,täglich; abends,Creme,Ja,50 ml,17.95,https://nichebeautylab.com/de/collections/transparent-lab/products/barrier-restoring-hydrating-cream
Transparent Lab,Retinal Cream,Retinal Age Reverse Cream,Aqua; Glycerin; Coco-Caprylate/Caprate; C10-18 Triglycerides; Coco-Caprylate; Propanediol; Oryza Sativa Starch; Cetyl Alcohol; Glyceryl Stearate; 1% Bakuchiol; 5% Retinal; 3% Hyaluronic Acid; Palmitoyl Tripeptide-1; Palmitoyl Tetrapeptide-7; Palmitoyl Tripeptide-38; Tocopherol; Ethylhexylglycerin; Mannitol; Cholesterol; Phosphatidylcholine; Hydrogenated Phosphatidylcholine; Xanthan Gum; Acrylates/C10-30 Alkyl Acrylate Crosspolymer; Hydroxypropyl Starch Phosphate; Carbomer; Hydroxypropyl Cyclodextrin; PEG-75 Stearate; Ceteth-20; Steareth-20; Decyl Glucoside; Caprylyl Glycol; Sodium Lactate; Butylene Glycol; Citric Acid; Sodium Chloride; Polysorbate 20; Phenoxyethanol; Sodium Benzoate; Potassium Sorbate,anspruchsvolle Haut; trockene Haut; ölige Haut; Mischhaut; empfindliche Haut,täglich; abends,Creme,Ja,50 ml,18.95,https://nichebeautylab.com/de/collections/transparent-lab/products/retinal-age-reverse-cream
Transparent Lab,Nia Cream,Niacinamide Glow Cream,Aqua; Glycerin; 5% Niacinamide; Propanediol; Triheptanoin; Betaine; Ethyl Macadamiate; Dimethicone; Dimethicone/Vinyl Dimethicone Crosspolymer; Isosorbide Dicaprylate; Lactococcus Ferment Lysate; Serine; Alanine; Arginine; Proline; Threonine; Glycine; PCA; Lysine HCL; Sodium PCA; Palmitoyl Tripeptide-1; Palmitoyl Tetrapeptide-7; Calcium Gluconate; 0;1% Ceramide NG; Lysine; Magnesium Chloride; Potassium Chloride; Aluminum Chloride; Zinc Chloride; Manganese Chloride; Sodium Chloride; Copper Sulfate; Tocopherol; Ethylhexylglycerin; Glutamic Acid; Malic Acid; Gluconolactone; Carbomer; Sodium Polyacrylate; Trideceth-6; Sodium Lactate; Sodium Phytate; Phenethyl Alcohol; Hydrogenated Polydecene; Caprylyl Glycol; Butylene Glycol; Polysorbate 20; Phenoxyethanol; Sodium Benzoate,trockene Haut; ölige Haut; Mischhaut; empfindliche Haut,täglich; abends,Creme,Ja,50 ml,15.95,https://nichebeautylab.com/de/collections/transparent-lab/products/niacinamide-glow-cream
Transparent Lab,Ceramide Repair,Ceramide Repair Moisturizer,Aqua; Glycerin; Propanediol; Caprylic/Capric Triglyceride; Polysorbate 80; Prunus Amygdalus Dulcis Oil; Ceramide NP; Ceramide NG; Ceramide EOP; Ceramide NS; Ceramide As; Ceramide AP; 3% Hyaluronic Acid; 0.1% Madecassoside; Ethylhexylglycerin; Helianthus Annuus Seed Oil; Squalane; Hydrogenated Lecithin; Hydrogenated Phosphatidylcholine; Phosphatidylcholine; Mannitol; Sucrose Distearate; Cholesterol; Xanthan Gum; Carbomer; Cetearyl Alcohol; Tocopherol; Glyceryl Stearate; Decyl Glucoside; Pentylene Glycol; Propylene Glycol; Polysorbate 20; Sorbitan Oleate; Sodium Chloride; Triethanolamine; Sodium Benzoate; Potassium Sorbate; Phenoxyethanol,trockene Haut; ölige Haut; Mischhaut; empfindliche Haut,täglich; morgens; abends,Serum,Ja,30 ml,17.95,https://nichebeautylab.com/de/collections/transparent-lab/products/ceramide-repair-moisturizer
xskincare x colibri skincare,Exfoliate Booster,Exfoliate Booster,Aqua; 5% Lactic Acid; 3% Glycolic Acid; Glycerin; Pentylene Glycol; 2% Bifida Ferment Filtrate; Salicylic Acid; Ascorbic Acid; Gluconic Acid; Malic Acid; Tartaric Acid; 0.5% Allantoin; Citric Acid; Dipropylene Glycol; Sodium Hyaluronate; Xanthan Gum,Hautbild,1-1/Woche; abends; abwaschen & Feuchtigkeit; Sonnenschutz,Peeling/Maske,Ja,100 ml,29.95,https://colibriskincare.de/products/exfoliate-booster
xskincare x Nø Cosmetics,Liquid Hydrator,Liquid Hydrator,Aqua; 5 % Panthenol; Pentylene Glycol; Glycerin; Propanediol; Niacinamide; Butylene Glycol; Ectoin; Amylopectin; Lithothamnion Calcareum Extrakt; Beta-Glucan; Phospholipids; Sphingolipids; Aloe Barbadensis Leaf Extract; Bioflavonoids; Brassica Oleracea Italica Extract; Sodium PCA; Lysine; Histidine; Arginine; Aspartic Acid; Threonine; Serine; Glutamic Acid; Proline; Glycine; Alanine; Valine; Isoleucine; Leucine; Tyrosine; Phenylalanine; Allantoin; Xanthan Gum; Acacia Senegal Gum; 1.2-Hexanediol; Caprylyl Glycol; Phenoxyenthanol; Potassium Sorbate; Sodium Benzoate; Lactic Acid,Allrounder,täglich; morgens; abends,Serum,Ja,100 ml,9.95,https://www.no-cosmetics.de/produkt/120h-liquid-hydrator-feuchtigkeitsbooster-fuer-dein-gesicht-happy-today/
xskincare x Nø Cosmetics,Liquid Refiner,Liquid Refiner,Aqua; Propylene Glycol; Pentylene Glycol; 2% Salicylic Acid; 1% Succinic Acid; Sodium PCA; Resveratrol; Epigallocatechin Gallate; Phospholipids; Leuconostoc/Radish Root Ferment Filtrate; Superoxide Dismutase; Xanthan Gum; Phytic Acid; Sodium Hydroxide,empfindliche Haut; ölige Haut; trockene Haut; unreine Haut,1/Woche; 4/Woche; Sonnenschutz,Serum,Ja,100 ml,9.95,https://www.no-cosmetics.de/produkt/liquid-refiner-easy-today/