Firma,Produkt,Inhaltsstoffe,Hautzustand,Anwendung,Kat.,Da?,Menge,Preis,Link
Acnemy,ZITCLEAN Reinigungsgel,Aqua; Propanediol; Glycerin; Peg-6 Caprylic/Capric Glycerides; Sphingomonas Ferment Extract; 0;02% Salicylic Acid; 0;03 % Morinda Citrifolia Callus Culture Lysate; 0;15% Vitis Vinifera (Grape) Fruit Extract; 0;05% Zingiber Officinale (Ginger) Root Extract; 0;05% Boswellia Serrata Resin Extract; 0;9% Potassium Azeloyl Diglycinate; Ceramide Np; Xanthan Gum; Carbomer; Sodium Cocoyl Glutamate; Hydrogenated Phosphatidylcholine; Phosphatidylcholine; Mannitol; Cholesterol; Decyl Glucoside; Potassium Cocoyl Rice Amino Acids,unreine Haut,täglich; abends,Cleanser,Ja,150 ml,9.95 €,https://nichebeautylab.com/de/products/zitclean
Acnemy,Zitcontrol SPF 50,Aqua; Ethylhexyl Methoxycinnamate; Diethylamino Hydroxybenzoyl Hexyl Benzoate; Ethylhexyl Salicylate; Silica; C12-15 Alkyl Benzoate; Glycerin; Caprylic/Capric Triglyceride; Propanediol; Undecane; Ethylhexyl Triazone; Niacinamide; Methylene BIS-Benzotriazolyl Tetramethylbutylphenol; Tridecane; Salicylic Acid; Zinc PCA; Morinda Citrifolia Callus Culture Lysate; Daucus Carota Sativa Root Cell Culture Lysate; Ceramide NP; Macadamia Ternifolia Seed Oil; Tocopherol; Cholesterol; Stearamine; Mannitol; Hydrogenated Phosphatidylcholine; Phosphatidylcholine; Dimyristoyl Phosphatidylcholine; Trihydroxystearin; Xanthan Gum; Acrylates/Beheneth-25 Methacrylate Copolymer; Propylene Glycol; Decyl Glucoside; BHT; Sodium Chloride; Citric Acid; Sodium Hydroxide; Sorbitan Oleate; Sodium Benzoate; Potassium Sorbate; CI 77491 (Iron Oxides); CI 77891 (Titanium Dioxide),Sonnenschutz,Sonnenschutz,Sonnenschutz,Nein,40 ml,18.95 €,https://nichebeautylab.com/de-de/products/zitcontrol-spf50
Avene,SunsiStick KA SPF 50+,Octyldodecanol; Polyethylene; Butylene Glycol Cocoate; HYDROGENATED MICROCRYSTALLINE WAX; BIS-ETHYLHEXYLOXYPHENOL METHOXYPHENYL TRIAZINE; DIETHYLAMINO HYDROXYBENZOYL HEXYL BENZOATE; DIETHYLHEXYL BUTAMIDO TRIAZONE; BUTYL METHOXYDIBENZOYLMETHANE; ETHYLHEXYL SALICYLATE; BEESWAX (CERA ALBA); HYDROGENATED CASTOR OIL; WATER (Aqua); 1;2-HEXANEDIOL; ALUMINUM HYDROXIDE; BUTYLENE GLYCOL; CAPRYLIC/CAPRIC TRIGLYCERIDE; CAPRYLYL GLYCOL; CICHORIUM INTYBUS (CHICORY) ROOT EXTRACT (CICHORIUM INTYBUS ROOT EXTRACT); DISODIUM STEAROYL GLUTAMATE; METHYL METHACRYLATE CROSSPOLYMER; OXOTHIAZOLIDINE; SACCHARIN; SODIUM BENZOATE; TITANIUM DIOXIDE (CI 77891); TOCOPHERYL GLUCOSIDE,Sonnenschutz,Sonnenschutz,Sonnenschutz,Nein,20 g,19.90 €,https://www.docmorris.de/avne-sunsistick-ka-spf-50/15743735?pp=GOOGLESHOP&from=2W829&gclid=Cj0KCQiAj4ecBhD3ARIsAM4Q_jESa3lgS47Mia6Hz3Oj_kwSu7PwKK0WglpDapxfUlHVDPwdP1I2-mUaArdGEALw_wcB
Avene,Sonnenfluid SPF 50+,AVENE THERMAL SPRING WATER (AVENE Aqua); C12-15 ALKYL BENZOATE; DIETHYLAMINO HYDROXYBENZOYL HEXYL BENZOATE; ETHYLHEXYL TRIAZONE; ORYZA SATIVA (RICE) STARCH (ORYZA SATIVA STARCH); PHENYLENE BIS-DIPHENYLTRIAZINE; WATER (Aqua); Glycerin; BIS-ETHYLHEXYLOXYPHENOL METHOXYPHENYL TRIAZINE; POTASSIUM CETYL PHOSPHATE; GLYCERYL STEARATE; STEARYL ALCOHOL; TAPIOCA STARCH; VP/EICOSENE COPOLYMER; BENZOIC ACID; CAPRYLIC/CAPRIC TRIGLYCERIDE; CAPRYLYL GLYCOL; GLYCERYL BEHENATE; GLYCERYL DIBEHENATE; PPG-1-PEG-9 LAURYL GLYCOL ETHER; RED 33 (CI 17200); TOCOPHERYL GLUCOSIDE; TRIBEHENIN; XANTHAN GUM,Sonnenschutz,Sonnenschutz,Sonnenschutz,Nein,50 ml,23.90 €,https://www.douglas.de/de/p/m001048179?trac=de.01pms.goo.8788552640.18480668155.144815775791.000000&gbraid=0AAAAADy1nXnTLZGC04TrmmKiNA7ySnBgJ&gclid=Cj0KCQiAj4ecBhD3ARIsAM4Q_jHuR2tdtcB29SoCMFseRTsjvsggyPPEi6oDY0M1M86XXgXfLmAhJrcaAv6_EALw_wcB
Babydream MED,Gesichtscreme,Aqua; Helianthus Annuus Seed Oil; Glycerin; Coco-Capylate/Caprate; Sorbitol; Stearyl Alcohol; Caprylic/Capric Triglyceride; Glyceryl Stearate; Citrate; Glyceryl Stearate; Betadine; Butyrospermum Parkii Butter; Squalane; Octyldodecanol; Oenothera Biennis Oil; Echium Planatgineum Seed Oil; Helianthus Annuus Seed Oil Unsaponifiables; Cardiospermum Halicacabum Flower/Leaf/Vine Extract; Caprylyl Glycol; Xanthan Gum; Citric Acid; Sodium Hydroxide; 1;2-Hexanediol; Hydroxyacetophenone; Tocopheryl Acetate; Tocopherol,Spannungsverlust; trockene Haut,täglich; morgens; Winter; reichhaltig,Creme,Ja,100 ml,3.99 €,https://www.rossmann.de/de/baby-und-spielzeug-babydream-med-gesichtscreme/p/4305615908984
Balea,Reinigungsöl,Helianthus Annuus Hybrid Oil; Isopropyl Palmitate; Isopropyl Myristate; PEG-20 Glyceryl Triisostearate; Ethylhexyl Stearate; Tocopherol; Argania Spinosa Kernel Oil,trockene Haut,täglich; abends,Cleanser,Ja,100 ml,2.55 €,https://www.dm.de/balea-reinigungsoel-p4058172830549.html
Balea,Beauty Expert Tagescreme,Aqua; COCO-CAPRYLATE/CAPRATE; Glycerin; CAPRYLIC/CAPRIC TRIGLYCERIDE; Octyldodecanol; CETEARYL ALCOHOL; 2% PANTHENOL; BEHENYL ALCOHOL; GLYCERYL STEARATE CITRATE; 1% ECTOIN; 1% SQUALANE; SCLEROTIUM GUM; SORBITAN LAURATE; ACETYL DIPEPTIDE-1 CETYL ESTER; ACETYL HEXAPEPTIDE-8 ; PALMITOYL TRIPEPTIDE-38; HYDROXYETHYLCELLULOSE; SODIUM STEAROYL GLUTAMATE; HYDROXYPROPYL CYCLODEXTRIN; BUTYLENE GLYCOL; CITRIC ACID; CAPRYLYL GLYCOL; ETHYLHEXYLGlycerin; PHENOXYETHANOL,Mischhaut; trockene Haut; Hauttextur,täglich; morgens,Creme,Ja,50 ml,5.95 €,https://www.dm.de/balea-beauty-expert-tagescreme-mit-3-prozent-peptid-solution-und-1-prozent-ectoin-p4066447190496.html
Balea,Aqua Feuchtigkeitsserum,Aqua; Glycerin; PENTYLENE GLYCOL; XYLITYLGLUCOSIDE; PANTHENOL; CAMELLIA OLEIFERA SEED OIL; SODIUM HYALURONATE; ANHYDROXYLITOL; XYLITOL; SODIUM DILAURAMIDOGLUTAMIDE LYSINE; TOCOPHERYL ACETATE; TOCOPHEROL; ACACIA SENEGAL GUM; SCLEROTIUM GUM; XANTHAN GUM; PANTOLACTONE; CITRIC ACID; SODIUM HYDROXIDE; ETHYLHEXYLGlycerin; PHENOXYETHANOL; PARFUM,Allrounder,täglich; morgens,Serum,Ja,30 ml,2.95 €,https://www.dm.de/balea-serum-Aqua-feuchtigkeit-p4058172681059.html?wt_mc=lia.google.PflegeParfum.Gesicht.SerumKur.Balea.4058172681059&storeId=DE-0100&hc_tid=10156470C4751PPC&gclid=EAIaIQobChMImMuunL_M-wIViAZ7Ch2awQKtEAQYASABEgKzX_D_BwE
Balea MED,Gesichtswasser Ultra Sensitive,Aqua; Glycerin; PENTYLENE GLYCOL; HYDROGENATED STARCH HYDROLYSATE; PANTHENOL; CUCUMIS SATIVUS FRUIT EXTRACT; SODIUM CARBOXYMETHYL BETAGLUCAN; CITRIC ACID,Allrounder; empfindliche Haut,täglich; morgens,Cleanser,Ja,200 ml,2.95 €,https://www.dm.de/balea-med-gesichtswasser-ultra-sensitive-p4058172879951.html?wt_mc=pla.google.PflegeParfum.Gesicht.Gesichtsreinigung.BaleaMED.4058172879951&hc_tid=10219970C4751PPC&gclid=EAIaIQobChMIkIzQlr_M-wIV5QWiAx33gAAvEAQYASABEgLqHfD_BwE
Catrice,Tagescreme Hydro Protect Melting Moisturizer,Aqua; ISOSTEARYL ISOSTEARATE; DIMETHICONE; Glycerin; CETEARYL ALCOHOL; BUTYLENE GLYCOL; COCONUT ALKANES; METHYL GLUCOSE SESQUISTEARATE; DIMETHICONE/VINYL DIMETHICONE CROSSPOLYMER; SODIUM HYALURONATE; ERYTHRITOL; CERAMIDE NP; HIBISCUS SABDARIFFA FRUIT EXTRACT; CARBOMER; ACRYLATES/C10-30 ALKYL ACRYLATE CROSSPOLYMER; COCO-CAPRYLATE/CAPRATE; ETHYLHEXYLGlycerin; SODIUM PHYTATE; ALCOHOL; SODIUM HYDROXIDE; PHENOXYETHANOL,Allrounder; trockene Haut,leicht,Creme,Nein,50 ml,5.95 €,https://www.dm.de/catrice-tagescreme-hydro-protect-melting-moist-p4059729377104.html
Catrice,Youth Repairing Sleep Oil ,ISOPROPYL MYRISTATE; SQUALANE; GLYCINE SOJA (SOYBEAN) OIL; CAPRYLIC/CAPRIC TRIGLYCERIDE; RETINOL; TOCOPHERYL ACETATE; ALGAE EXTRACT.,Hauttextur; trockene Haut,täglich; abends; in Routine einbauen,Serum,Nein,30 ml,7.45 €,https://www.dm.de/catrice-gesichtsoel-youth-repairing-sleep-p4059729330833.html
CeraVe,Feuchtigkeitscreme,Aqua; Glycerin; CETEARYL ALCOHOL; CAPRYLIC/CAPRIC TRIGLYCERIDE; CETYL ALCOHOL; CETEARETH-20; PETROLATUM; DIMETHICONE; PHENOXYETHANOL; BEHENTRIMONIUM METHOSULFATE; POTASSIUM PHOSPHATE; ETHYLHEXYLGlycerin; SODIUM LAUROYL LACTYLATE; DISODIUM EDTA; DIPOTASSIUM PHOSPHATE; CERAMIDE NP; CERAMIDE AP; PHYTOSPHINGOSINE; CHOLESTEROL; XANTHAN GUM; CARBOMER; SODIUM HYALURONATE; TOCOPHEROL; CERAMIDE EOP,trockene Haut,täglich; morgens,Creme,Ja,454 g,15.90 €,https://www.docmorris.de/cerave-feuchtigkeitscreme/14017642
Cetaphil,Feuchtigkeitscreme,Aqua; Glycerin; Petrolatum; Dicaprylyl Ether; Dimethicone; Glyceryl Stearate; Cetyl Alcohol; Helianthus Annuus Seed Oil; PEG-30 Stearate; Panthenol; Niacinamide; Prunus Amygdalus Dulcis Oil; Tocopherol; Tocopheryl Acetate; Pantolactone; Dimethiconol; Acrylates/C10-30 Alkyl Acrylate Crosspolymer; Carbomer; Propylene Glycol; BHT; Disodium EDTA; Benzyl Alcohol; Phenoxyethanol; Sodium Hydroxide; Citric Acid. FIL 1765.V00,Allrounder,reichhaltig; morgens,Creme,Nein,85 g,9.95 €,https://www.docmorris.de/cetaphil-feuchtigkeitscreme/02200559?from=2W829&gclid=EAIaIQobChMIjYuut77O-wIVBmIYCh2IUQwKEAQYBCABEgKMZPD_BwE&et_uk=b07592e9bd3844ecb3a4b5886c69abc8
Clinique,Take The Day Off Cleansing Balm,Ethylhexyl Palmitate; Carthamus Tinctorius (Safflower) Seed Oil; Caprylic/Capric Triglyceride; Sorbeth-30 Tetraoleate; Polyethylene; Peg-5 Glyceryl Triisostearate; Water\Aqua\Eau; Tocopherol; Phenoxyethanol,Michschaut; trockene Haut; ölige Haut,täglich; abends,Cleanser,Ja,125 g,36.00 €,https://www.clinique.de/product/1673/6424/pflege/reingung-makeup-remover/take-the-day-off-cleansing-balm/reichhaltiger-reinigungsbalsam
colibri skincare,BHA Maske,Aqua; Glycerin; Cetearyl Alcohol; Glyceryl Stearate Citrate; Octyldodecanol; Glyceryl Stearate; Kaolin; Olus Oil; Polyglyceryl-3 Stearate; 2% Salicylic Acid; Behenyl Alcohol; Caprylic/Capric Triglyceride; Charcoal Powder; Cellulose; Argania Spinosa Kernel Oil; Tocopherol; Maris Sal; Sodium Hyaluronate; Helianthus Annuus (Sunflower) Seed Oil; Citric Acid; Sodium Levulinate; Sodium Anisate; Xanthan Gum,Allrounder,special; 2-3/Woche; abends,Peeling/Maske,Ja,150 ml,22.95 €,https://colibriskincare.de/products/aktivkohle-gesichtsmaske?currency=EUR&variant=31494638731&utm_medium=cpc&utm_source=google&utm_campaign=Google%20Shopping&trc_gcmp_id=17661069357?utm_campaign=17661069357&gclid=EAIaIQobChMI9uH2yOjM-wIVCKWyCh3N2AJaEAQYASABEgKuS_D_BwE
Eucerin,Oil Control SPF 50,Aqua; Alcohol Denat; Butylene Glycol Dicaprylate-Dicaprate; C12-15 Alkyl Benzoate; Butyl Methoxydibenzoylmethane; Dibutyl Adipate; Bis-Ethylhexyloxyphenol Methoxyphenyl Triazine; Silica; Ethylhexyl Triazone; Phenylbenzimidazole Sulfonic Acid; Diethylamino Hydroxybenzoyl Hexyl Benzoate; Cetearyl Alcohol; Behenyl Alcohol; Silica Dimethyl Silylate; Copernicia Cerifera Cera; Glycyrrhetinic Acid; Glycyrrhiza Inflata Root Extract; Carnitine; Glycerin; Dimethicone; Xanthan Gum; Carrageenan; Sodium Chloride; Sodium Stearoyl Glutamate; Hydroxypropyl Methylcellulose; Sodium Hydroxide; Trisodium EDTA; Phenoxyethanol; Decylene Glycol; EthylhexylGlycerin; Hydroxyacetophenone,Sonnenschutz,Sonnenschutz,Sonnenschutz,Nein,50 ml,15.00 €,https://www.docmorris.de/eucerin-oil-control-face-sun-gelcreme-lsf-50/10832664?utm_source=Beiersdorf%20AG%20Eucerin&utm_medium=com_connector&utm_content=10832664&et_uk=c7a97fdedf8b47d4bd66d93a46ad12a7
Eucerin,Aquaphor Protect & Repair Salbe,Paraffinum Liquidum; Cera Microcristallina; Ceresin; Lanolin Alcohol; Panthenol; Glycerin; Bisabolol,trockene Haut; ,special,Creme,Ja,45 ml,7.49 €,https://www.docmorris.de/eucerin-aquaphor-protect-repair-salbe/10779409?from=2W829&gclid=Cj0KCQiAj4ecBhD3ARIsAM4Q_jEC9ba1E1xsZtDwWv7yLXEdqlN4S9pPkguUVSZEXi5NMr6PRfQqMr8aAhgEEALw_wcB
Glysolid,Pflegecreme Hautbalsam,Glycerin; Aqua; CETEARYL ALCOHOL; DECYL OLEATE; CETEARETH-12; ALLANTOIN; DIMETHICONE; SODIUM CETEARYL SULFATE; CETEARETH-20; SILICA,trockene Haut; gereizte Haut,special; morgens,Creme,Ja,100 ml,1.55 €,https://www.dm.de/glysolid-pflegecreme-hautbalsam-p4000196001146.html?wt_mc=pla.google.PflegeParfum.Koerperpflege.Koerperpflege.Glysolid.4000196001146&hc_tid=10219970C4751PPC&gclid=EAIaIQobChMI5MKY2L3O-wIVR_F3Ch3EgA2XEAQYASABEgKKX_D_BwE
Isana,Age Performance Intensiv Serum,Aqua; Glycerin; Panthenol; Hydroxyethylcellulose; Pentylene Glycol; Camellia Sinensis Leaf Extract; Lepidium Sativum Sprout Extract; Aspalathus Linearis Leaf Extract; Sorbitol; Lecithin; Allantoin; Maltodextrin; Sodium Hyaluronate; Lactic Acid; Urea; Sodium Lactate; Serine; Sodium Chloride; Citric Acid; Sodium Hydroxide; Sodium Benzoate; Phenoxyethanol,anspruchsvolle Haut; Spannungsverlust,täglich; morgens,Serum,Ja,30 ml,3.99 €,https://www.rossmann.de/de/pflege-und-duft-isana-age-performance-intensiv-serum/p/4305615481678
Isana,"Anti Stress, Balance Serum",Aqua; PANTHENOL; SQUALANE; Glycerin; HYDROXYPROPYL STARCH PHOSPHATE; C14-22 ALCOHOLS; ECTOIN; C12-20 ALKYL GLUCOSIDE; SODIUM STEAROYL GLUTAMATE; GLUCOSE; SCLEROTIUM GUM; CITRIC ACID; ETHYLHEXYLGlycerin; PHENOXYETHANOL,Allrounder,täglich; abends,Serum,Nein,30 ml,3.99 €,https://www.rossmann.de/de/pflege-und-duft-isana-isana-balance-serum/p/4305615892566
La Roche-Posay,CICAPLAST Baume B5+,Aqua; HYDROGENATED POLYISOBUTENE; DIMETHICONE; Glycerin; BUTYROSPERMUM PARKII BUTTER / SHEA BUTTER; 5% PANTHENOL; ZEA MAYS STARCH / CORN STARCH; PROPANEDIOL; BUTYLENE GLYCOL; CETYL PEG/PPG-10/1 DIMETHICONE; TRIHYDROXYSTEARIN; CENTELLA ASIATICA LEAF EXTRACT; POLYMNIA SONCHIFOLIA ROOT JUICE; ZINC GLUCONATE; MADECASSOSIDE; MANGANESE GLUCONATE; ALPHA-GLUCAN OLIGOSACCHARIDE; SILICA; ALUMINUM HYDROXIDE; MAGNESIUM SULFATE; MANNOSE; CAPRYLOYL GLYCINE; CAPRYLYL GLYCOL; VITREOSCILLA FERMENT; CITRIC ACID; TRISODIUM ETHYLENEDIAMINE DISUCCINATE; LACTOBACILLUS; ACETYLATED GLYCOL STEARATE; MALTODEXTRIN; POLYGLYCERYL-4 ISOSTEARATE; TOCOPHEROL; PENTAERYTHRITYL TETRA-DI-T-BUTYL HYDROXYHYDROCINNAMATE; CI 77891 / TITANIUM DIOXIDE,gereizte Haut; trockene Haut; empfindliche Haut,special,Creme,Nein,100 ml,19.50 €,https://www.larocheposay.de/cicaplast/cicaplast-baume-b5-plus
Lavazon,Face Fluid LSF 50,Aqua; C12-15 Alkyl Benzoate; Diethylamino Hydroxybenzoyl Hexyl Benzoate; Dibutyl Adipate; Glycerin; Ethylhexyl Salicylate; Titanium Dioxide (nano); VP/Hexadecene Copolymer; Acrylates Copolymer; Bis-Ethylhexyloxyphenol Methoxyphenyl Triazine; Ethylhexyl Triazone; Silica; Phenylbenzimidazole Sulfonic Acid; Caprylyl Glycol; Diethylhexyl Butamido Triazone; Tocopheryl Acetate; Hydrogen Dimethicone; Sodium Hydroxide; Parfum; Tetrasodium EDTA; Caprylhydroxamic Acid,Sonnenschutz,Sonnenschutz,Sonnenschutz,Ja,50 ml,2.42 €,https://www.mueller.de/p/lavozon-face-fluid-lsf-50-2430488/
Mixa,Panthenol Comfort Body Balsam,Aqua; 7% Glycerin; PETROLATUM; PARAFFINUM LIQUIDUM / MINERAL OIL; NIACINAMIDE; GLYCERYL STEARATE; CETYL ALCOHOL;PEG-40 STEARATE; BUTYROSPERMUM PARKII BUTTER / SHEA BUTTER; CETYL PALMITATE; DIMETHICONE; ASCORBYL PALMITATE; CHLORHEXIDINE DIGLUCONATE; CITRIC ACID; CORIANDRUM SATIVUM SEED OIL / CORIANDER SEED OIL; ECHIUM PLANTAGINEUM SEED OIL;GLYCINE SOJA OIL / SOYBEAN OIL; PANTHENOL; PRUNUS ARMENIACA KERNEL OIL / APRICOT KERNEL OIL; RIBES NIGRUM SEED OIL / BLACK CURRANT SEED OIL; SORBITAN TRISTEARATE; TOCOPHEROL. (F.I.L. B194118/2),Mischhaut; ölige Haut,special,Creme,Nein,250 ml,3.99 €,https://www.rossmann.de/de/pflege-und-duft-mixa-panthenol-comfort-body-balsam/p/3600551033082
Neutrogena,Hydro Boost Aqua Reinigungsgel,Aqua; Glycerin; Cocamidopropyl Hydroxysultaine; Sodium Cocoyl Isethionate; Sodium Methyl Cocoyl Taurate; Sodium Hydrolyzed Potato Starch Dodecenylsuccinate; Hydrolyzed Hyaluronic Acid; EthylhexylGlycerin; Linoleamidopropyl PG-dimonium Chloride Phosphate; Polyquaternium-10; Polysorbate 20; Sodium Isethionate; Sodium Lauryl Sulfate; Sodium C14-16 Olefin Sulfonate; Potassium Acrylates Copolymer; Sodium Chloride; Propylene Glycol; Disodium EDTA; Citric Acid; Sodium Hydroxide; Hydroxyacetophenone; Tocopheryl Acetate; Phenoxyethanol; Parfum,Allrounder,täglich; abends,Cleanser,Ja,200 ml,4.99 €,https://www.rossmann.de/de/pflege-und-duft-neutrogena-hydro-boost-Aqua-reinigungsgel/p/3574661320700
Nivea,Beruhigende Nachtcreme,Aqua; Glycerin; Butyrospermum Parkii Butter; Cetearyl Alcohol; Caprylic/Capric Triglyceride; Methylpropanediol; Glyceryl Stearate Citrate; Hydrogenated Coco-Glycerides; Cetearyl Isononanoate; Cocoglycerides; Hydroxypropyl Starch Phosphate; Glycyrrhiza Inflata Root Extract; Vitis Vinifera Seed Oil; Panthenol; Pantolactone; EthylhexylGlycerin; Xanthan Gum; Citric Acid; Phenoxyethanol,empfindliche Haut,täglich,Creme,Ja,50 ml,4.65 €,https://www.dm.de/nivea-nachtcreme-sensitive-beruhigende-nachtpflege-p4005900935502.html
Nivea Sun,UV Gesicht Sensitiv Sonnencreme LSF 50,Aqua; Homosalate; Alcohol Denat.; Butyl Methoxydibenzoylmethane; Ethylhexyl Salicylate; Butylene Glycol Dicaprylate/Dicaprate; Bis-Ethylhexyloxyphenol Methoxyphenyl Triazine; Ethylhexyl Triazone; Isopropyl Palmitate; Phenylbenzimidazole Sulfonic Acid; Silica; Tapioca Starch; Diethylamino Hydroxybenzoyl Hexyl Benzoate; Behenyl Alcohol; Cetearyl Alcohol; Methylpropanediol; Glycerin; Glycyrrhiza Inflata Root Extract; Tocopheryl Acetate; Sodium Stearoyl Glutamate; Xanthan Gum; Carbomer; Acrylates/C10-30 Alkyl Acrylate Crosspolymer; Sodium Chloride; Sodium Hydroxide; Dimethicone; Trisodium EDTA; Caprylyl Glycol; EthylhexylGlycerin,Sonnenschutz; empfindliche Haut,Sonnenschutz,Sonnenschutz,Ja,50 ml,11.99 €,https://www.nivea.de/produkte/uv-gesicht-sensitiv-sonnenschutz-empfindliche-haut-40059005991000001.html?gclid=EAIaIQobChMIn4Lj7rvO-wIV9oKDBx19fAM0EAQYAiABEgLCXfD_BwE
Nø Cosmetics,AHA/PHA Peeling Cleanser,Aqua; Sodium Carboxymethyl Starch;  Butylene Glycol; Decyl Glucoside; Maltooligosyl Glucoside; Lauryl Glucoside; Gluconolactone; Sodium Lactate; Cocamidopropyl Betaine; Hydrogenated Starch Hydrolysate; Pseudozyma Epicola/Argania Spinosa Kernel Oil/Olive Fruit Oil/Sunflower Seed Oil/ (Angelica Gigas/Licorice/Lithospermum Erythrorhizon) Root Ferment Extract Filtrate; Rosa Centifolia (Cabbage Rose) Flower Extract; Panthenol; Aloe Barbadensis Leaf Juice Powder; Inulin; Polyglyceryl-2 Dipolyhydroxystearate; Glycerin; Lecithin; Xanthan Gum; Sodium Chloride; Coconut Fatty Acid; Sodium Citrate; Propylene Glycol; Sorbic Acid; Sodium Benzoate; Potassium Sorbate; Phenoxyethanol; Lactic Acid,ölige Haut; anspruchsvolle Haut; unreine Haut,abends; abwaschen & Feuchtigkeit,Cleanser,Nein,125 ml,7.95 €,https://www.no-cosmetics.de/produkt/aha-pha-peeling-cleanser-sanfte-reinigung-und-hauterneuerung-pure-today/
Nø Cosmetics,ALL-IN Barrier Cream,Aqua; Butyrospermum Parkii (Shea) Butter; Panthenol; Cetearyl Alcohol; Simmondsia Chinensis (Jojoba) Seed Oil; Dicaprylyl Ether; Glycerin; Glyceryl Stearate; Prunus Armeniaca (Apricot) Kernel Oil; C13-15 Alkane; Propanediol; Pentylene Glycol; Cetearyl Olivate; Argania Spinosa (Argan) Kernel Oil; DiGlycerin; Ectoin; Ceramide EOP; Ceramide NS; Ceramide NP; Ceramide AS; Ceramide AP; Cholesterol; Hydrogenated Lecithin; Sucrose Distearate; Heterotheca Inuloides Flower Extract; Dipropylene Glycol; Sorbitan Olivate; Sea Water; Laminaria Digitata Extract; Chlorella Vulgaris (Chlorella) Extract; Saccharide Isomerate; Xanthan Gum;  Hydroxyacetophenone; Phenoxyethanol; EthylhexylGlycerin; Lactic Acid; Citric Acid,trockene Haut; gereizte Haut,täglich; Winter,Creme,Nein,50 ml,16.95 €,https://www.no-cosmetics.de/produkt/all-in-barrier-cream-celebrate-today/
Nø Cosmetics,Chemical Peeling Serum,Aloe Barbadensis Leaf Juice; Aqua; 4 % Gluconolactone; Panthenol; Butylene Glycol; 2 % Lactic Acid; Xanthan Gum; Sodium Benzoate; Sodium Hydroxide,ölige Haut; unreine Haut; trockene Haut,2-3/Woche; abends; in Routine einbauen; Sonnenschutz,Peeling/Maske,Nein,20 ml,12.95 €,https://www.no-cosmetics.de/produkt/chemisches-peeling-serum-aha-pha-sanfte-hauterneuerung-clear-today/
Nø Cosmetics,Maximum Hydration Serum,Aqua; Niacinamide; Glycerin; Microcrystalline Cellulose; DiGlycerin; Amylopectin; Lithothamnion Calcareum Extract; Butylene Glycol; Vitis Vinifera (Grape) Fruit Extract; Acacia Senegal Gum; Xanthan Gum; Phenoxyethanol; EthylhexylGlycerin; Potassium Sorbate; Sodium Benzoate; Pentylene Glycol; Lactic Acid; Citric Acid,ölige Haut; unreine Haut; trockene Haut,täglich; in Routine einbauen,Serum,Nein,20 ml,14.95 €,https://www.no-cosmetics.de/produkt/120h-hypersleep-feuchtigkeitsserum-staerkt-die-hautbarriere-rain-tonight/
Nø Cosmetics,Retinol Serum,Squalane; Undecane; Tridecane; Simmondsia Chinensis (Jojoba) Seed Oil; Dimethyl Isosorbide; 2% Hydroxypinacolone Retinoate; 0;05% Retinol; Daucus Carota Sativa (Carrot) Root Extract; Beta-Carotene; Glycine Soja (Soy) Oil; Tocopherol; Helianthus Annuus (Sunflower) Seed Oil,anspruchsvolle Haut; Spannungsverlust,2-3/Woche; abends; in Routine einbauen; Sonnenschutz,Serum,Ja,20 ml,16.95 €,https://www.no-cosmetics.de/produkt/retinol-serum-mindert-falten-und-strafft-die-haut-renew-today/
Nø Cosmetics,Pink Power Cream,Aqua; Simmondsia Chinensis (Jojoba) Seed Oil; Cetearyl Alcohol; Butyrospermum Parkii Butter; Dicaprylyl Ether; Glycerin; Panthenol; Glyceryl Stearate; Prunus Armeniaca Kernel Oil; Distarch Phosphate; Tapioca Starch; C13-15 Alkane; Brassica Campestris (Rapeseed) Seed Oil; Pentylene Glycol; Cetearyl Olivate; Argania Spinosa Kernel Oil; DiGlycerin; Sorbitan Olivate; Polygonum Tinctorium Leaf Extract; Lactobacillus Ferment; Squalane; Solanum Lycopersicum (Tomato) Fruit Extract; Ceramide NP; Xanthan Gum; Rosmarinus Officinalis (Rosemary) Leaf Extract; Maltodextrin; Hydroxyacetophenone; Lactic Acid,Mischhaut; trockene Haut,reichhaltig; leicht,Creme,Nein,50 g,15.95 €,https://www.no-cosmetics.de/produkt/hypersense-pink-power-cream-mindert-roetungen-strong-today/
Nø Cosmetics,Slow Aging Serum,Aqua; Panthenol; Glycerin; Caffeine; Microcrystalline Cellulose; Propanediol; DiGlycerin; Acmella Oleracea Extract; Hydroxypropyl Cyclodextrin; Palmitoyl Tripeptide-38; Dipeptide Diaminobutyroyl Benzylamide Diacetate; Saccharide Isomerate; Acacia Senegal Gum; Xanthan Gum; Phenoxyethanol; EthylhexylGlycerin; Sodium Benzoate; Citric Acid,anspruchsvolle Haut; trockene Haut; Mischhaut; Hauttextus,morgens; in Routine einbauen; Sonnenschutz,Serum,Nein,20 ml,16.95 €,https://www.no-cosmetics.de/produkt/slow-aging-serum-gegen-hautalterung-und-mimikfaeltchen-proud-today/
ONSKIN by Biotaniqe,Perfecting Serum,Aqua Purificata; Niacinamide; Glycerin; Propanediol; Polyglyceryl-4 Caprate; Zinc PCA; Lactobacillus Ferment Lysate; Leuconostoc/Radish Root Ferment Filtrate; EthylhexylGlycerin; Xanthan Gum; Hydroxyethylcellulose; Phenoxyethanol; Citric Acid; Parfum; Geraniol; Limonene,trockene Haut; Hauttextur,täglich; in Routine einbauen,Serum,Nein,20 ml,6.99 €,https://www.mueller.de/p/onskin-by-biotaniqe-serum-perfecting-2852467/?itemId=2852467&_pmclid=b_16397663_wp_4754915_k_5422344&gclid=Cj0KCQiAj4ecBhD3ARIsAM4Q_jF9agWVFqjsS86ZCH0w3pE8GDjRHnYT6dZ8SaE0nqqZrSu6S-v_k-oaAlSmEALw_wcB
SebaMed,Trockene Haut Gesichtscreme Urea Akut 5%,Aqua; Caprylic/Capric Triglyceride; Urea; Propylene Glycol; Tocopheryl Acetate; Glyceryl Stearate Citrate; Panthenol; Cetearyl Alcohol; Asiaticoside; Asiatic Acid; Madecassic Acid; Bisabolol; Citric Acid; Sodium Carbomer; Sodium Hydroxide; Parfum; Benzyl Alcohol; Phenoxyethanol; Sodium Benzoate,trockene Haut,täglich,Creme,Nein,50 ml,9.95 €,https://www.dm.de/sebamed-pflegecreme-trockene-haut-urea-akut-5-prozent-parfumfrei-p4103040041074.html?wt_mc=pla.google.PflegeParfum.Gesicht.Tagescreme.sebamed.4103040041074
Sunozon Med,Sonnenfluid SLSF 50,Aqua; Glycerin; C12-15 Alkyl Benzoate; Diethylamino Hydroxybenzoyl Hexyl Benzoate; Diisopropyl Adipate; Ethylhexyl Triazone; Propanediol Dicaprylate/Caprate; Bis-Ethylhexyloxyphenol Methoxyphenyl Triazine; Potassium Cetyl Phosphate; Myristyl Alcohol; Phenoxyethanol; Xanthan Gum; Phenylbenzimidazole Sulfonic Acid; Tocopheryl Acetate; Potassium Hydroxide; Sclerotium Gum; Acacia Senegal Gum; Caprylhydroxamic Acid,Sonnenschutz,Sonnenschutz,Sonnenschutz,Nein,50 ml,5.49 €,https://www.rossmann.de/de/pflege-und-duft-sunozon-med-sonnenfluid-lsf-50/p/4305615830988
The Ordinary,Squalane Cleanser,SQUALANE; Aqua; COCO-CAPRYLATE/CAPRATE; Glycerin; SUCROSE STEARATE; ETHYL MACADAMIATE; CAPRYLIC/CAPRIC TRIGLYCERIDE; SUCROSE LAURATE; HYDROGENATED STARCH HYDROLYSATE; SUCROSE DILAURATE; SUCROSE TRILAURATE; POLYACRYLATE CROSSPOLYMER-6; ISOCETETH-20; SODIUM POLYACRYLATE; TOCOPHEROL; HYDROXYMETHOXYPHENYL DECANONE; TRISODIUM ETHYLENEDIAMINE DISUCCINATE; MALIC ACID; ETHYLHEXYLGlycerin; CHLORPHENESIN,Allrounder,täglich; abends,Cleanser,Nein,50 ml,7.20 €,https://www.douglas.de/de/p/3001056444
The Ordinary,Direct AcidsAHA 30% + BHA 2% Peeling Solution,Glycolic Acid; Aqua; ALOE BARBADENSIS LEAF WATER; SODIUM HYDROXIDE; DAUCUS CAROTA SATIVA EXTRACT; PROPANEDIOL; COCAMIDOPROPYL DIMETHYLAMINE; SALICYLIC ACID; POTASSIUM CITRATE; LACTIC ACID; TARTARIC ACID; CITRIC ACID; PANTHENOL; SODIUM HYALURONATE CROSSPOLYMER; TASMANNIA LANCEOLATA FRUIT/LEAF EXTRACT; Glycerin; PENTYLENE GLYCOL; XANTHAN GUM; POLYSORBATE 20; TRISODIUM ETHYLENEDIAMINE DISUCCINATE; POTASSIUM SORBATE; SODIUM BENZOATE; ETHYLHEXYLGlycerin; 1; 2-HEXANEDIOL; CAPRYLYL GLYCOL,Allrounder; Hauttextur,1-2/Woche; special,Peeling/Maske,Ja,30 ml,8.30 €,https://www.douglas.de/de/p/3001043635?trac=de.05x.lad.listing...000001&vmst_id=218-500151-1669555579269-2770039064-2itjepsf76qp6o04kuaz-GWC15EOX9BA6SVY8BZ3K-124&vmtrack_id=de-KTGO0UIXPK
Theramid,C-TETRA E.F.,Aqua; 20 % Ascorbyl Tetraisopalmitate; Propanediol; Ascorbyl Glucoside; Glycerin; Tricaprylin; Methylpropanediol; Glycine Soja (Soybean) Seed Extract; 1% Tocopheryl Acetate; Ascorbyl Methylsilanol Pectinate; 0;5% Ferulic Acid; Lecithin; Sclerotium Gum; Pullulan; Xanthan Gum; Silica; Sodium Hydroxide; Sodium Citrate; Citric Acid; Sodium Benzoate; Potassium Sorbate,Hauttextur,täglich; morgens; Sonnenschutz,Serum,Ja,30 ml,32.95 €,https://nichebeautylab.com/de-de/products/c-tetra-e-f
Theramid,AZID,Aqua; 15% Azelaic Acid; Glycerin; Propanediol; Glycereth-26; 1% Avena Sativa (Oat) Kernel Flour; 1% Carnosine; Acetyl Tetrapeptide-2; Ceramide NP; Ceramide EOP; Ceramide NS; Ceramide AS; Ceramide AP; Gallyl Glucoside; Propyl Gallate; Epigallocatechin Gallatyl Glucoside; Daucus Carota Sativa Root Cell Culture Lysate; Gossypium Herbaceum (Cotton) Callus Culture; Sphingomonas Ferment Extract; EthylhexylGlycerin; Hydrogenated Lecithin; Sucrose Distearate; Glyceryl Stearate; Dipropylene Glycol; Dehydroacetic Acid; Caprylyl Glycol; Phenoxyethanol; Triethanolamine; Benzyl Alcohol; Citric Acid,unreine Haut; Rötungen; Hauttextur; Pigmentierung,täglich; abends; in Routine einbauen,Serum,Ja,30 ml,34.95 €,https://nichebeautylab.com/de/collections/theramid/products/azid
Theramid,Ceramide Treatment,Aqua; Propaneidol; Dicaprylyl Carbonate; Glycerin; Undecane; Ceramide NG; Tridecane; Glycine Soja (Soybean) Seed Extract; 1% Ectoin; Ceramide NP; Ceramide EOP; Ceramide NS; Ceramide AS; Ceramide AP; Madecassic Acid; Asiaticoside; Asiatic Acid; Gossypium Herbaceum (Cotton) Callus Culture; Tocopherol; EthylnexyGlycerin; Lecithin;Hydrogenated Lecithin; Xanthan Gum; Sclerotium Gum; Dimethicone/Vinyl; Dimethicone Crosspolymer; Sucrose Distearate; Glyceryl Stearate; Pullulan Dimethicone; Cholesterol; Silica; Alcohol; Dipropylene Glycol; Phenoxyethanol; Citric Acid,Allrounder,täglich; in Routine einbauen,Serum,Nein,30 ml,34.95 €,https://nichebeautylab.com/products/ceramide-treatment?variant=40265050587276&utm_term=&utm_campaign=&utm_source=adwords&utm_medium=ppc&hsa_acc=9825405093&hsa_cam=18882061878&hsa_grp=&hsa_ad=&hsa_src=x&hsa_tgt=&hsa_kw=&hsa_mt=&hsa_net=adwords&hsa_ver=3&cmp_id=18882061878&adg_id=&kwd=&device=c&gclid=EAIaIQobChMIx6_qo-TM-wIV0uh3Ch1VGwn7EAQYASABEgK3kfD_BwE
Theramid,Clinical Vitamin A,Aqua; Glycerin; Coco-Caprylate/Caprate; Caprylic/Capric Triglyceride; Propanediol; Coco-Caprylate; Dimethyl Isosorbide; Polyglyceryl-6 Distearate; Cellulose Acetate Butyrate; Cetyl Alcohol; 5% Hydroxypinacolone Retinoate; 0;3% Retinol; 0;1% Retinal; Lactococcus Ferment Lysate; Plankton Extract; Ceramide NG; Tocopherol; EthylhexylGlycerin; Jojoba Esters; Lecithin; Pullulan; Sclerotium Gum; Xanthan Gum; Tricaprylin; Pentaerythrityl Tetra-Di-T-Butyl Hydroxyhydrocinnamate; Caprylyl Glycol; Silica; Sodium Chloride; Lactic Acid; Citric Acid; Phenoxyethanol; Sodium Benzoate,anspruchsvolle Haut; Hauttextur,2-3/Woche; abends; in Routine einbauen; Sonnenschutz,Serum,Nein,30 ml,34.95 €,https://nichebeautylab.com/de-de/products/clinical-vitamin-a
Transparent Lab,Oil Based Cleanser,Ethylhexyl Palmitate; Caprylic/Capric Triglyceride; Triethylhexanoin; Isostearyl Isostearate; Isopropyl Isostearate; PEG-20 Glyceryl Triisostearate; 3% Squalane; 2% Crambe Abyssinica Seed Oil Phytosterol Esters; 1% Tocopheryl Acetate,empfindliche Haut; ölige Haut; Mischhaut; trockene Haut,täglich; abends,Cleanser,Ja,200 ml,18.95 €,https://nichebeautylab.com/de/collections/transparent-lab/products/oil-based-cleanser
Transparent Lab,Barrier Restoring Hydrating Cream,Aqua; Glycerin; Coco-Caprylate/Caprate; C10-18 Triglycerides; Coco-Caprylate; Propanediol; Oryza Sativa (Rice) Starch; Glyceryl Stearate; Cetyl Alcohol; 5% Hyaluronic Acid; Sodium Ascorbyl Phosphate; 0;1% Madecassoside; Asiaticoside; Madecassic Acid; Asiatic Acid; 0;1% Ceramide NG; Retinyl Palmitate; Tocopheryl Acetate; EthylhexylGlycerin; Mannitol; Tocopherol; Cholesterol; Phosphatidylcholine; Hydrogenated Phosphatidylcholine; Xanthan Gum; Acrylates/C10-30 Alkyl Acrylate Crosspolymer; Hydroxypropyl Starch Phosphate; PEG-75 Stearate; Ceteth-20; Steareth-20; Alcohol; Decyl Glucoside; Pentylene Glycol; Sodium Chloride; Phenoxyethanol; Sodium Benzoate; Potassium Sorbate,trockene Haut; ölige Haut; Mischhaut; empfindliche Haut,täglich; abends,Creme,Ja,50 ml,17.95 €,https://nichebeautylab.com/de/collections/transparent-lab/products/barrier-restoring-hydrating-cream
Transparent Lab,Retinal Age Reverse Cream,Aqua; Glycerin; Coco-Caprylate/Caprate; C10-18 Triglycerides; Coco-Caprylate; Propanediol; Oryza Sativa (Rice) Starch; Cetyl Alcohol; Glyceryl Stearate; 1% Bakuchiol; 5% Retinal; 3% Hyaluronic Acid; Palmitoyl Tripeptide-1; Palmitoyl Tetrapeptide-7; Palmitoyl Tripeptide-38; Tocopherol; EthylhexylGlycerin; Mannitol; Cholesterol; Phosphatidylcholine; Hydrogenated Phosphatidylcholine; Xanthan Gum; Acrylates/C10-30 Alkyl Acrylate Crosspolymer; Hydroxypropyl Starch Phosphate; Carbomer; Hydroxypropyl Cyclodextrin; PEG-75 Stearate; Ceteth-20; Steareth-20; Decyl Glucoside; Caprylyl Glycol; Sodium Lactate; Butylene Glycol; Citric Acid; Sodium Chloride; Polysorbate 20; Phenoxyethanol; Sodium Benzoate; Potassium Sorbate,anspruchsvolle Haut; trockene Haut; ölige Haut; Mischhaut; empfindliche Haut,täglich; abends; in Routine einbauen,Creme,Ja,50 ml,18.95 €,https://nichebeautylab.com/de/collections/transparent-lab/products/retinal-age-reverse-cream
Transparent Lab,Niacinamide Glow Cream,Aqua; Glycerin; 5% Niacinamide; Propanediol; Triheptanoin; Betaine; Ethyl Macadamiate; Dimethicone; Dimethicone/Vinyl Dimethicone Crosspolymer; Isosorbide Dicaprylate; Lactococcus Ferment Lysate; Serine; Alanine; Arginine; Proline; Threonine; Glycine; PCA; Lysine HCL; Sodium PCA; Palmitoyl Tripeptide-1; Palmitoyl Tetrapeptide-7; Calcium Gluconate; 0;1% Ceramide NG; Lysine; Magnesium Chloride; Potassium Chloride; Aluminum Chloride; Zinc Chloride; Manganese Chloride; Sodium Chloride; Copper Sulfate; Tocopherol; EthylhexylGlycerin; Glutamic Acid; Malic Acid; Gluconolactone; Carbomer; Sodium Polyacrylate; Trideceth-6; Sodium Lactate; Sodium Phytate; Phenethyl Alcohol; Hydrogenated Polydecene; Caprylyl Glycol; Butylene Glycol; Polysorbate 20; Phenoxyethanol; Sodium Benzoate,trockene Haut; ölige Haut; Mischhaut; empfindliche Haut,täglich; abends; in Routine einbauen,Creme,Ja,50 ml,15.95 €,https://nichebeautylab.com/de/collections/transparent-lab/products/niacinamide-glow-cream
Transparent Lab,Ceramide Repair Moisturizer,Aqua; Glycerin; Propanediol; Caprylic/Capric Triglyceride; Polysorbate 80; Prunus Amygdalus Dulcis (Sweet Almond) Oil; Ceramide NP; Ceramide NG; Ceramide EOP; Ceramide NS; Ceramide As; Ceramide AP; 3% Hyaluronic Acid; 0;1% Madecassoside; EthylhexylGlycerin; Helianthus Annuus (Sunflower) Seed Oil; Squalane; Hydrogenated Lecithin; Hydrogenated Phosphatidylcholine; Phosphatidylcholine; Mannitol; Sucrose Distearate; Cholesterol; Xanthan Gum; Carbomer; Cetearyl Alcohol; Tocopherol; Glyceryl Stearate; Decyl Glucoside; Pentylene Glycol; Propylene Glycol; Polysorbate 20; Sorbitan Oleate; Sodium Chloride; Triethanolamine; Sodium Benzoate; Potassium Sorbate; Phenoxyethanol,trockene Haut; ölige Haut; Mischhaut; empfindliche Haut,täglich; in Routine einbauen,Serum,Ja,30 ml,17.95 €,https://nichebeautylab.com/de/collections/transparent-lab/products/ceramide-repair-moisturizer
xskincare x colibri skincare,Exfoliate Booster,Aqua; 5% Lactic Acid; 3% Glycolic Acid; Glycerin; Pentylene Glycol; 2% Bifida Ferment Filtrate; Salicylic Acid; Ascorbic Acid; Gluconic Acid; Malic Acid; Tartaric Acid; 0;5% Allantoin; Citric Acid; Dipropylene Glycol; Sodium Hyaluronate; Xanthan Gum,Hauttextur,1-1/Woche; abends; in Routine einbauen; abwaschen & Feuchtigkeit; Sonnenschutz,Peeling/Maske,Ja,100 ml,29.95 €,https://colibriskincare.de/products/exfoliate-booster
xskincare x Nø Cosmetics,Liquid Hydrator,Aqua; 5 % Panthenol; Pentylene Glycol; Glycerin; Propanediol; Niacinamide; Butylene Glycol; Ectoin; Amylopectin; Lithothamnion Calcareum Extrakt; Beta-Glucan; Phospholipids; Sphingolipids; Aloe Barbadensis Leaf Extract; Bioflavonoids; Brassica Oleracea Italica (Broccoli) Extract; Sodium PCA; Lysine; Histidine; Arginine; Aspartic Acid; Threonine; Serine; Glutamic Acid; Proline; Glycine; Alanine; Valine; Isoleucine; Leucine; Tyrosine; Phenylalanine; Allantoin; Xanthan Gum; Acacia Senegal Gum; 1;2-Hexanediol; Caprylyl Glycol; Phenoxyenthanol; Potassium Sorbate; Sodium Benzoate; Lactic Acid,Allrounder,täglich; morgens; abends,Serum,Ja,100 ml,9.95 €,https://www.no-cosmetics.de/produkt/120h-liquid-hydrator-feuchtigkeitsbooster-fuer-dein-gesicht-happy-today/
xskincare x Nø Cosmetics,Liquid Refiner,Aqua; Propylene Glycol; Pentylene Glycol; 2% Salicylic Acid; 1% Succinic Acid; Sodium PCA; Resveratrol; Epigallocatechin Gallate; Phospholipids; Leuconostoc/Radish Root Ferment Filtrate; Superoxide Dismutase; Xanthan Gum; Phytic Acid; Sodium Hydroxide,empfindliche Haut; ölige Haut; trockene Haut; unreine Haut,1/Woche; 4/Woche; in Routine einbauen; Sonnenschutz,Serum,Ja,100 ml,9.95 €,https://www.no-cosmetics.de/produkt/liquid-refiner-easy-today/
